[
    {
        "code": "1332",
        "name": "ニッスイ",
        "address": "東京都港区西新橋1-3-1",
        "lat": 35.669048,
        "lng": 139.754562
    },
    {
        "code": "1605",
        "name": "ＩＮＰＥＸ",
        "address": "東京都港区赤坂5-3-1",
        "lat": 35.672558,
        "lng": 139.735168
    },
    {
        "code": "1721",
        "name": "コムシスホールディングス",
        "address": "東京都品川区東五反田2-17-1",
        "lat": 35.623676,
        "lng": 139.729034
    },
    {
        "code": "1801",
        "name": "大成建設",
        "address": "東京都新宿区西新宿6-8-1",
        "lat": 35.693508,
        "lng": 139.690369
    },
    {
        "code": "1802",
        "name": "大林組",
        "address": "東京都港区港南2-15-2",
        "lat": 35.626335,
        "lng": 139.742004
    },
    {
        "code": "1803",
        "name": "清水建設",
        "address": "東京都中央区京橋2-16-1",
        "lat": 35.676777,
        "lng": 139.773056
    },
    {
        "code": "1808",
        "name": "長谷工コーポレーション",
        "address": "東京都港区芝2-32-1",
        "lat": 35.650333,
        "lng": 139.749771
    },
    {
        "code": "1812",
        "name": "鹿島建設",
        "address": "東京都港区赤坂6-5-11",
        "lat": 35.670437,
        "lng": 139.735931
    },
    {
        "code": "1925",
        "name": "大和ハウス工業",
        "address": "大阪府大阪市北区梅田3-3-5",
        "lat": 34.699188,
        "lng": 135.492889
    },
    {
        "code": "1928",
        "name": "積水ハウス",
        "address": "大阪府大阪市北区大淀中1-1-88",
        "lat": 34.704918,
        "lng": 135.491028
    },
    {
        "code": "1963",
        "name": "日揮ホールディングス",
        "address": "神奈川県横浜市西区みなとみらい2-3-1",
        "lat": 35.456661,
        "lng": 139.634018
    },
    {
        "code": "2002",
        "name": "日清製粉グループ本社",
        "address": "東京都千代田区神田錦町1-25",
        "lat": 35.690552,
        "lng": 139.763611
    },
    {
        "code": "2267",
        "name": "ヤクルト本社",
        "address": "東京都港区海岸1-10-30",
        "lat": 35.657009,
        "lng": 139.761902
    },
    {
        "code": "2282",
        "name": "日本ハム",
        "address": "大阪府大阪市北区梅田2-4-9",
        "lat": 34.698296,
        "lng": 135.49408
    },
    {
        "code": "2413",
        "name": "エムスリー",
        "address": "東京都港区赤坂1-11-44",
        "lat": 35.668858,
        "lng": 139.741394
    },
    {
        "code": "2432",
        "name": "ディー・エヌ・エー",
        "address": "東京都渋谷区渋谷2-24-12",
        "lat": 35.657951,
        "lng": 139.702316
    },
    {
        "code": "2501",
        "name": "サッポロホールディングス",
        "address": "東京都渋谷区恵比寿4-20-1",
        "lat": 35.643589,
        "lng": 139.712357
    },
    {
        "code": "2502",
        "name": "アサヒグループホールディングス",
        "address": "東京都墨田区吾妻橋1-23-1",
        "lat": 35.709682,
        "lng": 139.799942
    },
    {
        "code": "2503",
        "name": "キリンホールディングス",
        "address": "東京都中野区中野4-10-2",
        "lat": 35.70734,
        "lng": 139.661957
    },
    {
        "code": "2768",
        "name": "双日",
        "address": "東京都千代田区内幸町2-1-1",
        "lat": 35.67173,
        "lng": 139.753067
    },
    {
        "code": "2801",
        "name": "キッコーマン",
        "address": "千葉県野田市野田250",
        "lat": 35.942772,
        "lng": 139.864334
    },
    {
        "code": "2802",
        "name": "味の素",
        "address": "東京都中央区京橋1-15-1",
        "lat": 35.677177,
        "lng": 139.773315
    },
    {
        "code": "2871",
        "name": "ニチレイ",
        "address": "東京都中央区築地6-19-20",
        "lat": 35.663868,
        "lng": 139.774414
    },
    {
        "code": "2914",
        "name": "日本たばこ産業",
        "address": "東京都港区虎ノ門4-1-1",
        "lat": 35.665405,
        "lng": 139.744537
    },
    {
        "code": "3086",
        "name": "Ｊ．フロント　リテイリング",
        "address": "東京都中央区銀座6-10-1",
        "lat": 35.669445,
        "lng": 139.763351
    },
    {
        "code": "3092",
        "name": "ＺＯＺＯ",
        "address": "千葉県千葉市稲毛区緑町1-15-16",
        "lat": 35.625351,
        "lng": 140.099014
    },
    {
        "code": "3099",
        "name": "三越伊勢丹ホールディングス",
        "address": "東京都新宿区新宿3-14-1",
        "lat": 35.691074,
        "lng": 139.704651
    },
    {
        "code": "3101",
        "name": "東洋紡",
        "address": "大阪府大阪市北区梅田1-13-1",
        "lat": 34.701263,
        "lng": 135.498627
    },
    {
        "code": "3103",
        "name": "ユニチカ",
        "address": "大阪府大阪市中央区久太郎町4-1-3",
        "lat": 34.681232,
        "lng": 135.500305
    },
    {
        "code": "3289",
        "name": "東急不動産ホールディングス",
        "address": "東京都渋谷区道玄坂1-21-1",
        "lat": 35.65659,
        "lng": 139.69693
    },
    {
        "code": "3382",
        "name": "セブン＆アイ・ホールディングス",
        "address": "東京都千代田区二番町8-8",
        "lat": 35.685673,
        "lng": 139.734558
    },
    {
        "code": "3401",
        "name": "帝人",
        "address": "大阪府大阪市中央区南本町1-6-7",
        "lat": 34.682194,
        "lng": 135.508209
    },
    {
        "code": "3402",
        "name": "東レ",
        "address": "東京都中央区日本橋室町2-1-1",
        "lat": 35.686001,
        "lng": 139.772644
    },
    {
        "code": "3405",
        "name": "クラレ",
        "address": "東京都千代田区大手町1-1-3",
        "lat": 35.685982,
        "lng": 139.762329
    },
    {
        "code": "3407",
        "name": "旭化成",
        "address": "東京都千代田区有楽町1-1-2",
        "lat": 35.674088,
        "lng": 139.759552
    },
    {
        "code": "3436",
        "name": "ＳＵＭＣＯ",
        "address": "東京都港区芝浦1-2-1",
        "lat": 35.649799,
        "lng": 139.756607
    },
    {
        "code": "3659",
        "name": "ネクソン",
        "address": "東京都港区六本木1-4-5",
        "lat": 35.665691,
        "lng": 139.739304
    },
    {
        "code": "3861",
        "name": "王子ホールディングス",
        "address": "東京都中央区銀座4-7-5",
        "lat": 35.67112,
        "lng": 139.766693
    },
    {
        "code": "3863",
        "name": "日本製紙",
        "address": "東京都千代田区神田駿河台4-6",
        "lat": 35.698673,
        "lng": 139.766403
    },
    {
        "code": "4004",
        "name": "レゾナック・ホールディングス",
        "address": "東京都港区芝大門1-13-9",
        "lat": 35.657234,
        "lng": 139.753311
    },
    {
        "code": "4005",
        "name": "住友化学",
        "address": "東京都中央区日本橋2-7-1",
        "lat": 35.682316,
        "lng": 139.773773
    },
    {
        "code": "4021",
        "name": "日産化学",
        "address": "東京都中央区日本橋2-5-1",
        "lat": 35.681751,
        "lng": 139.773468
    },
    {
        "code": "4042",
        "name": "東ソー",
        "address": "東京都港区赤坂1-11-7",
        "lat": 35.668858,
        "lng": 139.741394
    },
    {
        "code": "4043",
        "name": "トクヤマ",
        "address": "東京都千代田区外神田1-7-5",
        "lat": 35.69965,
        "lng": 139.770142
    },
    {
        "code": "4061",
        "name": "デンカ",
        "address": "東京都千代田区日本橋室町2-1-1",
        "lat": 35.673889,
        "lng": 139.756195
    },
    {
        "code": "4063",
        "name": "信越化学工業",
        "address": "東京都千代田区丸の内1-4-1",
        "lat": 35.684025,
        "lng": 139.764786
    },
    {
        "code": "4151",
        "name": "協和キリン",
        "address": "東京都千代田区大手町1-9-2",
        "lat": 35.688286,
        "lng": 139.765411
    },
    {
        "code": "4183",
        "name": "三井化学",
        "address": "東京都千代田区大手町1-5-1",
        "lat": 35.685574,
        "lng": 139.764664
    },
    {
        "code": "4188",
        "name": "三菱ケミカルグループ",
        "address": "東京都千代田区丸の内1-1-1",
        "lat": 35.684559,
        "lng": 139.761765
    },
    {
        "code": "4208",
        "name": "ＵＢＥ",
        "address": "山口県宇部市大字小串1978-96",
        "lat": 33.949516,
        "lng": 131.235382
    },
    {
        "code": "4324",
        "name": "電通グループ",
        "address": "東京都港区東新橋1-8-1",
        "lat": 35.664555,
        "lng": 139.762268
    },
    {
        "code": "4385",
        "name": "メルカリ",
        "address": "東京都港区六本木6-10-1",
        "lat": 35.660206,
        "lng": 139.729202
    },
    {
        "code": "4452",
        "name": "花王",
        "address": "東京都中央区日本橋茅場町1-14-10",
        "lat": 35.680279,
        "lng": 139.781158
    },
    {
        "code": "4502",
        "name": "武田薬品工業",
        "address": "大阪府大阪市中央区道修町4-1-1",
        "lat": 34.688816,
        "lng": 135.500641
    },
    {
        "code": "4503",
        "name": "アステラス製薬",
        "address": "東京都中央区日本橋本町2-5-1",
        "lat": 35.687057,
        "lng": 139.775955
    },
    {
        "code": "4506",
        "name": "住友ファーマ",
        "address": "大阪府大阪市中央区道修町2-6-8",
        "lat": 34.68848,
        "lng": 135.504105
    },
    {
        "code": "4507",
        "name": "塩野義製薬",
        "address": "大阪府大阪市中央区道修町3-1-8",
        "lat": 34.688576,
        "lng": 135.503143
    },
    {
        "code": "4519",
        "name": "中外製薬",
        "address": "東京都中央区日本橋室町2-1-1",
        "lat": 35.686001,
        "lng": 139.772644
    },
    {
        "code": "4523",
        "name": "エーザイ",
        "address": "東京都文京区小石川4-6-10",
        "lat": 35.714931,
        "lng": 139.742447
    },
    {
        "code": "4543",
        "name": "テルモ",
        "address": "東京都渋谷区幡ヶ谷2-44-1",
        "lat": 35.679291,
        "lng": 139.675491
    },
    {
        "code": "4568",
        "name": "第一三共",
        "address": "東京都中央区日本橋本町3-5-1",
        "lat": 35.688152,
        "lng": 139.774872
    },
    {
        "code": "4578",
        "name": "大塚ホールディングス",
        "address": "東京都千代田区神田司町2-9",
        "lat": 35.693584,
        "lng": 139.767166
    },
    {
        "code": "4661",
        "name": "オリエンタルランド",
        "address": "千葉県浦安市舞浜1-1",
        "lat": 35.631268,
        "lng": 139.874329
    },
    {
        "code": "4689",
        "name": "ＬＩＮＥヤフー",
        "address": "東京都千代田区紀尾井町1-3",
        "lat": 35.679108,
        "lng": 139.736389
    },
    {
        "code": "4704",
        "name": "トレンドマイクロ",
        "address": "東京都渋谷区代々木2-1-1",
        "lat": 35.686947,
        "lng": 139.699448
    },
    {
        "code": "4751",
        "name": "サイバーエージェント",
        "address": "東京都渋谷区宇田川町40-1",
        "lat": 35.662331,
        "lng": 139.696075
    },
    {
        "code": "4755",
        "name": "楽天グループ",
        "address": "東京都世田谷区玉川1-14-1",
        "lat": 35.610046,
        "lng": 139.63002
    },
    {
        "code": "4901",
        "name": "富士フイルムホールディングス",
        "address": "東京都港区赤坂9-7-3",
        "lat": 35.666023,
        "lng": 139.732208
    },
    {
        "code": "4911",
        "name": "資生堂",
        "address": "東京都中央区銀座7-5-5",
        "lat": 35.669964,
        "lng": 139.761597
    },
    {
        "code": "5019",
        "name": "出光興産",
        "address": "東京都千代田区丸の内3-1-1",
        "lat": 35.676754,
        "lng": 139.761078
    },
    {
        "code": "5020",
        "name": "ＥＮＥＯＳホールディングス",
        "address": "東京都千代田区大手町1-1-2",
        "lat": 35.685982,
        "lng": 139.762329
    },
    {
        "code": "5101",
        "name": "横浜ゴム",
        "address": "東京都港区新橋2-11-3",
        "lat": 35.667263,
        "lng": 139.755371
    },
    {
        "code": "5108",
        "name": "ブリヂストン",
        "address": "東京都中央区京橋3-1-1",
        "lat": 35.676559,
        "lng": 139.768524
    },
    {
        "code": "5201",
        "name": "ＡＧＣ",
        "address": "東京都千代田区丸の内1-5-1",
        "lat": 35.682579,
        "lng": 139.764313
    },
    {
        "code": "5202",
        "name": "日本板硝子",
        "address": "東京都港区三田3-5-27",
        "lat": 35.645012,
        "lng": 139.743271
    },
    {
        "code": "5214",
        "name": "日本電気硝子",
        "address": "滋賀県大津市晴嵐2-7-1",
        "lat": 34.985428,
        "lng": 135.897202
    },
    {
        "code": "5232",
        "name": "住友大阪セメント",
        "address": "東京都千代田区六番町6-28",
        "lat": 35.687614,
        "lng": 139.732788
    },
    {
        "code": "5233",
        "name": "太平洋セメント",
        "address": "東京都文京区小石川1-1-1",
        "lat": 35.708607,
        "lng": 139.753143
    },
    {
        "code": "5301",
        "name": "東海カーボン",
        "address": "東京都港区北青山1-2-3",
        "lat": 35.673054,
        "lng": 139.723206
    },
    {
        "code": "5332",
        "name": "ＴＯＴＯ",
        "address": "福岡県北九州市小倉北区中島2-1-1",
        "lat": 33.876823,
        "lng": 130.875198
    },
    {
        "code": "5333",
        "name": "日本ガイシ",
        "address": "愛知県名古屋市瑞穂区須田町2-56",
        "lat": 35.135048,
        "lng": 136.918503
    },
    {
        "code": "5401",
        "name": "日本製鉄",
        "address": "東京都千代田区丸の内2-6-1",
        "lat": 35.678783,
        "lng": 139.763062
    },
    {
        "code": "5406",
        "name": "神戸製鋼所",
        "address": "兵庫県神戸市中央区脇浜海岸通2-2-4",
        "lat": 34.699646,
        "lng": 135.214935
    },
    {
        "code": "5411",
        "name": "ＪＦＥホールディングス",
        "address": "東京都千代田区内幸町2-2-3",
        "lat": 35.670513,
        "lng": 139.754822
    },
    {
        "code": "5541",
        "name": "太平洋金属",
        "address": "東京都千代田区大手町1-9-2",
        "lat": 35.688286,
        "lng": 139.765411
    },
    {
        "code": "5631",
        "name": "日本製鋼所",
        "address": "東京都品川区大崎1-11-1",
        "lat": 35.619953,
        "lng": 139.731201
    },
    {
        "code": "5703",
        "name": "日本軽金属ホールディングス",
        "address": "東京都港区新橋1-1-13",
        "lat": 35.66914,
        "lng": 139.756119
    },
    {
        "code": "5706",
        "name": "三井金属鉱業",
        "address": "東京都品川区大崎1-11-1",
        "lat": 35.619953,
        "lng": 139.731201
    },
    {
        "code": "5707",
        "name": "東邦亜鉛",
        "address": "東京都港区芝5-34-7",
        "lat": 35.64587,
        "lng": 139.746704
    },
    {
        "code": "5711",
        "name": "三菱マテリアル",
        "address": "東京都千代田区丸の内3-2-3",
        "lat": 35.677837,
        "lng": 139.761429
    },
    {
        "code": "5713",
        "name": "住友金属鉱山",
        "address": "東京都港区新橋5-11-3",
        "lat": 35.663208,
        "lng": 139.756165
    },
    {
        "code": "5714",
        "name": "ＤＯＷＡホールディングス",
        "address": "東京都千代田区外神田4-14-1",
        "lat": 35.699703,
        "lng": 139.772049
    },
    {
        "code": "5801",
        "name": "古河電気工業",
        "address": "東京都千代田区丸の内2-2-3",
        "lat": 35.680233,
        "lng": 139.762222
    },
    {
        "code": "5802",
        "name": "住友電気工業",
        "address": "大阪府大阪市中央区北浜4-5-33",
        "lat": 34.692451,
        "lng": 135.499283
    },
    {
        "code": "5803",
        "name": "フジクラ",
        "address": "東京都江東区木場1-5-1",
        "lat": 35.668446,
        "lng": 139.803009
    },
    {
        "code": "5901",
        "name": "東洋製罐グループホールディングス",
        "address": "東京都品川区東五反田2-18-1",
        "lat": 35.624874,
        "lng": 139.72908
    },
    {
        "code": "6098",
        "name": "リクルートホールディングス",
        "address": "東京都千代田区丸の内1-9-2",
        "lat": 35.681252,
        "lng": 139.767242
    },
    {
        "code": "6103",
        "name": "オークマ",
        "address": "愛知県丹羽郡大口町下小口5-25-1",
        "lat": 35.333725,
        "lng": 136.917877
    },
    {
        "code": "6113",
        "name": "アマダ",
        "address": "神奈川県伊勢原市石田200",
        "lat": 35.419815,
        "lng": 139.334427
    },
    {
        "code": "6178",
        "name": "日本郵政",
        "address": "東京都千代田区大手町2-3-1",
        "lat": 35.686779,
        "lng": 139.767426
    },
    {
        "code": "6301",
        "name": "小松製作所",
        "address": "東京都港区赤坂2-3-6",
        "lat": 35.671108,
        "lng": 139.74202
    },
    {
        "code": "6302",
        "name": "住友重機械工業",
        "address": "東京都品川区大崎2-1-1",
        "lat": 35.619057,
        "lng": 139.726501
    },
    {
        "code": "6305",
        "name": "日立建機",
        "address": "東京都台東区東上野2-16-1",
        "lat": 35.708946,
        "lng": 139.777069
    },
    {
        "code": "6326",
        "name": "クボタ",
        "address": "大阪府大阪市浪速区敷津東1-2-47",
        "lat": 34.658707,
        "lng": 135.500427
    },
    {
        "code": "6361",
        "name": "荏原製作所",
        "address": "東京都大田区羽田旭町11-1",
        "lat": 35.551785,
        "lng": 139.752548
    },
    {
        "code": "6367",
        "name": "ダイキン工業",
        "address": "大阪府大阪市北区梅田1-13-1",
        "lat": 34.701263,
        "lng": 135.498627
    },
    {
        "code": "6471",
        "name": "日本精工",
        "address": "東京都品川区大崎1-6-3",
        "lat": 35.620975,
        "lng": 139.729294
    },
    {
        "code": "6472",
        "name": "ＮＴＮ",
        "address": "大阪府大阪市西区京町堀1-3-17",
        "lat": 34.687443,
        "lng": 135.497009
    },
    {
        "code": "6473",
        "name": "ジェイテクト",
        "address": "愛知県刈谷市朝日町1-1",
        "lat": 35.001461,
        "lng": 137.010849
    },
    {
        "code": "6501",
        "name": "日立製作所",
        "address": "東京都千代田区丸の内1-6-6",
        "lat": 35.683708,
        "lng": 139.766266
    },
    {
        "code": "6503",
        "name": "三菱電機",
        "address": "東京都千代田区丸の内2-7-3",
        "lat": 35.679085,
        "lng": 139.764679
    },
    {
        "code": "6504",
        "name": "富士電機",
        "address": "東京都品川区大崎1-11-2",
        "lat": 35.619869,
        "lng": 139.731308
    },
    {
        "code": "6506",
        "name": "安川電機",
        "address": "福岡県北九州市八幡西区黒崎城石2-1",
        "lat": 33.869198,
        "lng": 130.767685
    },
    {
        "code": "6525",
        "name": "ＫＯＫＵＳＡＩ　ＥＬＥＣＴＲＩＣ",
        "address": "東京都千代田区神田練塀町3",
        "lat": 35.699333,
        "lng": 139.774689
    },
    {
        "code": "6674",
        "name": "ジーエス・ユアサ　コーポレーション",
        "address": "京都府京都市南区吉祥院西ノ庄猪之馬場町1",
        "lat": 34.980663,
        "lng": 135.728714
    },
    {
        "code": "6701",
        "name": "日本電気",
        "address": "東京都港区芝5-7-1",
        "lat": 35.649406,
        "lng": 139.748093
    },
    {
        "code": "6702",
        "name": "富士通",
        "address": "東京都港区東新橋1-5-2",
        "lat": 35.665634,
        "lng": 139.761398
    },
    {
        "code": "6723",
        "name": "ルネサスエレクトロニクス",
        "address": "東京都江東区豊洲3-2-24",
        "lat": 35.656982,
        "lng": 139.794495
    },
    {
        "code": "6724",
        "name": "セイコーエプソン",
        "address": "長野県諏訪市大和3-3-5",
        "lat": 36.054619,
        "lng": 138.114929
    },
    {
        "code": "6752",
        "name": "パナソニック　ホールディングス",
        "address": "大阪府門真市大字門真1006",
        "lat": 34.739384,
        "lng": 135.574097
    },
    {
        "code": "6753",
        "name": "シャープ",
        "address": "大阪府堺市堺区匠町1",
        "lat": 34.597912,
        "lng": 135.436966
    },
    {
        "code": "6758",
        "name": "ソニーグループ",
        "address": "東京都港区港南1-7-1",
        "lat": 35.631401,
        "lng": 139.743973
    },
    {
        "code": "6762",
        "name": "ＴＤＫ",
        "address": "東京都中央区日本橋2-5-1",
        "lat": 35.681751,
        "lng": 139.773468
    },
    {
        "code": "6770",
        "name": "アルプスアルパイン",
        "address": "東京都大田区鵜の木1-7",
        "lat": 35.576454,
        "lng": 139.680878
    },
    {
        "code": "6841",
        "name": "横河電機",
        "address": "東京都武蔵野市中町2-9-32",
        "lat": 35.706764,
        "lng": 139.564575
    },
    {
        "code": "6857",
        "name": "アドバンテスト",
        "address": "東京都千代田区丸の内1-6-2",
        "lat": 35.683708,
        "lng": 139.766266
    },
    {
        "code": "6902",
        "name": "デンソー",
        "address": "愛知県刈谷市昭和町1-1",
        "lat": 34.997238,
        "lng": 137.010529
    },
    {
        "code": "6920",
        "name": "レーザーテック",
        "address": "神奈川県横浜市港北区新横浜2-10-1",
        "lat": 35.507111,
        "lng": 139.611298
    },
    {
        "code": "6952",
        "name": "カシオ計算機",
        "address": "東京都渋谷区本町1-6-2",
        "lat": 35.680737,
        "lng": 139.685165
    },
    {
        "code": "6954",
        "name": "ファナック",
        "address": "山梨県南都留郡忍野村古忍野3580",
        "lat": 35.460052,
        "lng": 138.847885
    },
    {
        "code": "6971",
        "name": "京セラ",
        "address": "京都府京都市伏見区竹田鳥羽殿町6",
        "lat": 34.946735,
        "lng": 135.751022
    },
    {
        "code": "6976",
        "name": "太陽誘電",
        "address": "東京都中央区京橋2-7-19",
        "lat": 35.677158,
        "lng": 139.770508
    },
    {
        "code": "6981",
        "name": "村田製作所",
        "address": "京都府長岡京市東神足1-10-1",
        "lat": 34.923992,
        "lng": 135.702332
    },
    {
        "code": "6988",
        "name": "日東電工",
        "address": "大阪府大阪市北区大深町4-20",
        "lat": 34.703659,
        "lng": 135.494705
    },
    {
        "code": "7011",
        "name": "三菱重工業",
        "address": "東京都千代田区丸の内2-3-2",
        "lat": 35.681313,
        "lng": 139.762589
    },
    {
        "code": "7012",
        "name": "川崎重工業",
        "address": "兵庫県神戸市中央区東川崎町1-1-3",
        "lat": 34.680584,
        "lng": 135.17984
    },
    {
        "code": "7013",
        "name": "ＩＨＩ",
        "address": "東京都江東区豊洲3-1-1",
        "lat": 35.65921,
        "lng": 139.792511
    },
    {
        "code": "7186",
        "name": "コンコルディア・フィナンシャルＧ",
        "address": "神奈川県横浜市西区みなとみらい3-1-1",
        "lat": 35.4547,
        "lng": 139.629501
    },
    {
        "code": "7201",
        "name": "日産自動車",
        "address": "神奈川県横浜市西区高島1-1-1",
        "lat": 35.463299,
        "lng": 139.625732
    },
    {
        "code": "7202",
        "name": "いすゞ自動車",
        "address": "神奈川県横浜市西区みなとみらい5-1-1",
        "lat": 35.461781,
        "lng": 139.628113
    },
    {
        "code": "7203",
        "name": "トヨタ自動車",
        "address": "愛知県豊田市トヨタ町1",
        "lat": 35.051659,
        "lng": 137.160568
    },
    {
        "code": "7205",
        "name": "日野自動車",
        "address": "東京都日野市ひの台3-1-1",
        "lat": 35.671391,
        "lng": 139.395004
    },
    {
        "code": "7211",
        "name": "三菱自動車工業",
        "address": "東京都港区芝浦3-1-21",
        "lat": 35.644985,
        "lng": 139.748886
    },
    {
        "code": "7261",
        "name": "マツダ",
        "address": "広島県安芸郡府中町新地3-1",
        "lat": 34.382656,
        "lng": 132.50058
    },
    {
        "code": "7267",
        "name": "本田技研工業",
        "address": "東京都港区南青山2-1-1",
        "lat": 35.672199,
        "lng": 139.723816
    },
    {
        "code": "7269",
        "name": "スズキ",
        "address": "静岡県浜松市中央区高塚町300",
        "lat": 34.692268,
        "lng": 137.686386
    },
    {
        "code": "7270",
        "name": "ＳＵＢＡＲＵ",
        "address": "東京都渋谷区恵比寿1-20-8",
        "lat": 35.647106,
        "lng": 139.713562
    },
    {
        "code": "7272",
        "name": "ヤマハ発動機",
        "address": "静岡県磐田市新貝2500",
        "lat": 34.723106,
        "lng": 137.877701
    },
    {
        "code": "7731",
        "name": "ニコン",
        "address": "東京都品川区西大井1-6-3",
        "lat": 35.602276,
        "lng": 139.725311
    },
    {
        "code": "7733",
        "name": "オリンパス",
        "address": "東京都新宿区西新宿2-3-1",
        "lat": 35.688267,
        "lng": 139.694778
    },
    {
        "code": "7735",
        "name": "ＳＣＲＥＥＮホールディングス",
        "address": "京都府京都市上京区天神北町1-1",
        "lat": 35.037243,
        "lng": 135.751022
    },
    {
        "code": "7741",
        "name": "ＨＯＹＡ",
        "address": "東京都新宿区西新宿6-10-1",
        "lat": 35.694584,
        "lng": 139.690628
    },
    {
        "code": "7751",
        "name": "キヤノン",
        "address": "東京都大田区下丸子3-30-2",
        "lat": 35.568001,
        "lng": 139.68306
    },
    {
        "code": "7832",
        "name": "バンダイナムコホールディングス",
        "address": "東京都港区芝5-37-8",
        "lat": 35.643997,
        "lng": 139.745132
    },
    {
        "code": "7911",
        "name": "ＴＯＰＰＡＮホールディングス",
        "address": "東京都台東区台東1-5-1",
        "lat": 35.700436,
        "lng": 139.77858
    },
    {
        "code": "7912",
        "name": "大日本印刷",
        "address": "東京都新宿区市谷加賀町1-1-1",
        "lat": 35.694992,
        "lng": 139.731812
    },
    {
        "code": "7951",
        "name": "ヤマハ",
        "address": "静岡県浜松市中央区中沢町10-1",
        "lat": 34.718735,
        "lng": 137.732468
    },
    {
        "code": "8001",
        "name": "伊藤忠商事",
        "address": "大阪府大阪市北区梅田3-1-3",
        "lat": 34.701881,
        "lng": 135.496338
    },
    {
        "code": "8002",
        "name": "丸紅",
        "address": "東京都千代田区大手町1-4-2",
        "lat": 35.690453,
        "lng": 139.760025
    },
    {
        "code": "8015",
        "name": "豊田通商",
        "address": "愛知県名古屋市中村区名駅4-9-8",
        "lat": 35.1689,
        "lng": 136.886765
    },
    {
        "code": "8031",
        "name": "三井物産",
        "address": "東京都千代田区大手町1-2-1",
        "lat": 35.687737,
        "lng": 139.76265
    },
    {
        "code": "8035",
        "name": "東京エレクトロン",
        "address": "東京都港区赤坂5-3-1",
        "lat": 35.672558,
        "lng": 139.735168
    },
    {
        "code": "8053",
        "name": "住友商事",
        "address": "東京都千代田区大手町2-3-2",
        "lat": 35.686779,
        "lng": 139.767426
    },
    {
        "code": "8058",
        "name": "三菱商事",
        "address": "東京都千代田区丸の内2-3-1",
        "lat": 35.681313,
        "lng": 139.762589
    },
    {
        "code": "8233",
        "name": "高島屋",
        "address": "大阪府大阪市中央区難波5-1-5",
        "lat": 34.664597,
        "lng": 135.50206
    },
    {
        "code": "8252",
        "name": "丸井グループ",
        "address": "東京都中野区中野4-3-2",
        "lat": 35.708858,
        "lng": 139.66452
    },
    {
        "code": "8267",
        "name": "イオン",
        "address": "千葉県千葉市美浜区中瀬1-5-1",
        "lat": 35.651524,
        "lng": 140.038177
    },
    {
        "code": "8301",
        "name": "日本銀行",
        "address": "東京都中央区日本橋本石町2-1-1",
        "lat": 35.685619,
        "lng": 139.771301
    },
    {
        "code": "8304",
        "name": "あおぞら銀行",
        "address": "東京都千代田区麹町6-1-1",
        "lat": 35.68465,
        "lng": 139.731369
    },
    {
        "code": "8306",
        "name": "三菱ＵＦＪフィナンシャル・グループ",
        "address": "東京都千代田区丸の内2-7-1",
        "lat": 35.679085,
        "lng": 139.764679
    },
    {
        "code": "8308",
        "name": "りそなホールディングス",
        "address": "東京都江東区木場1-5-65",
        "lat": 35.667137,
        "lng": 139.802902
    },
    {
        "code": "8309",
        "name": "三井住友トラスト・ホールディングス",
        "address": "東京都千代田区丸の内1-4-1",
        "lat": 35.684025,
        "lng": 139.764786
    },
    {
        "code": "8316",
        "name": "三井住友フィナンシャルグループ",
        "address": "東京都千代田区丸の内1-1-2",
        "lat": 35.684559,
        "lng": 139.761765
    },
    {
        "code": "8331",
        "name": "千葉銀行",
        "address": "千葉県千葉市中央区千葉港1-2",
        "lat": 35.608322,
        "lng": 140.106003
    },
    {
        "code": "8354",
        "name": "ふくおかフィナンシャルグループ",
        "address": "福岡県福岡市中央区大手門1-8-3",
        "lat": 33.589203,
        "lng": 130.382355
    },
    {
        "code": "8355",
        "name": "静岡銀行",
        "address": "静岡県静岡市清水区草薙10",
        "lat": 34.987156,
        "lng": 138.456528
    },
    {
        "code": "8411",
        "name": "みずほフィナンシャルグループ",
        "address": "東京都千代田区大手町1-5-5",
        "lat": 35.685574,
        "lng": 139.764664
    },
    {
        "code": "8601",
        "name": "大和証券グループ本社",
        "address": "東京都千代田区丸の内1-9-1",
        "lat": 35.681252,
        "lng": 139.767242
    },
    {
        "code": "8604",
        "name": "野村ホールディングス",
        "address": "東京都中央区日本橋1-13-1",
        "lat": 35.682465,
        "lng": 139.775558
    },
    {
        "code": "8628",
        "name": "松井証券",
        "address": "東京都千代田区麹町1-4",
        "lat": 35.684322,
        "lng": 139.743439
    },
    {
        "code": "8630",
        "name": "ＳＯＭＰＯホールディングス",
        "address": "東京都新宿区西新宿1-26-1",
        "lat": 35.692894,
        "lng": 139.696777
    },
    {
        "code": "8697",
        "name": "日本取引所グループ",
        "address": "東京都中央区日本橋兜町2-1",
        "lat": 35.683239,
        "lng": 139.77861
    },
    {
        "code": "8725",
        "name": "ＭＳ＆ＡＤインシュアランスＧ",
        "address": "東京都中央区京橋2-2-1",
        "lat": 35.677818,
        "lng": 139.769318
    },
    {
        "code": "8750",
        "name": "第一生命ホールディングス",
        "address": "東京都千代田区有楽町1-13-1",
        "lat": 35.675838,
        "lng": 139.760757
    },
    {
        "code": "8766",
        "name": "東京海上ホールディングス",
        "address": "東京都千代田区大手町1-2-1",
        "lat": 35.687737,
        "lng": 139.76265
    },
    {
        "code": "8801",
        "name": "三井不動産",
        "address": "東京都中央区日本橋室町2-1-1",
        "lat": 35.686001,
        "lng": 139.772644
    },
    {
        "code": "8802",
        "name": "三菱地所",
        "address": "東京都千代田区大手町1-1-1",
        "lat": 35.685982,
        "lng": 139.762329
    },
    {
        "code": "8804",
        "name": "東京建物",
        "address": "東京都中央区八重洲1-9-9",
        "lat": 35.680111,
        "lng": 139.770248
    },
    {
        "code": "8830",
        "name": "住友不動産",
        "address": "東京都新宿区西新宿2-4-1",
        "lat": 35.688148,
        "lng": 139.693329
    },
    {
        "code": "9001",
        "name": "東武鉄道",
        "address": "東京都墨田区押上1-1-2",
        "lat": 35.710083,
        "lng": 139.808609
    },
    {
        "code": "9005",
        "name": "東急",
        "address": "東京都渋谷区南平台町5-6",
        "lat": 35.65498,
        "lng": 139.698029
    },
    {
        "code": "9007",
        "name": "小田急電鉄",
        "address": "東京都新宿区西新宿1-8-3",
        "lat": 35.690613,
        "lng": 139.697281
    },
    {
        "code": "9008",
        "name": "京王電鉄",
        "address": "東京都多摩市関戸1-9-1",
        "lat": 35.651443,
        "lng": 139.448013
    },
    {
        "code": "9009",
        "name": "京成電鉄",
        "address": "千葉県市川市八幡3-3-1",
        "lat": 35.723213,
        "lng": 139.927185
    },
    {
        "code": "9020",
        "name": "東日本旅客鉄道",
        "address": "東京都渋谷区代々木2-2-2",
        "lat": 35.685875,
        "lng": 139.700638
    },
    {
        "code": "9021",
        "name": "西日本旅客鉄道",
        "address": "大阪府大阪市北区芝田2-4-24",
        "lat": 34.707405,
        "lng": 135.494873
    },
    {
        "code": "9022",
        "name": "東海旅客鉄道",
        "address": "愛知県名古屋市中村区名駅1-1-4",
        "lat": 35.17075,
        "lng": 136.883423
    },
    {
        "code": "9062",
        "name": "日本通運",
        "address": "東京都千代田区神田和泉町2",
        "lat": 35.69949,
        "lng": 139.77948
    },
    {
        "code": "9064",
        "name": "ヤマトホールディングス",
        "address": "東京都中央区銀座2-16-10",
        "lat": 35.670593,
        "lng": 139.770416
    },
    {
        "code": "9101",
        "name": "日本郵船",
        "address": "東京都千代田区丸の内2-3-2",
        "lat": 35.681313,
        "lng": 139.762589
    },
    {
        "code": "9104",
        "name": "商船三井",
        "address": "東京都港区虎ノ門2-1-1",
        "lat": 35.669804,
        "lng": 139.746689
    },
    {
        "code": "9107",
        "name": "川崎汽船",
        "address": "東京都千代田区内幸町2-1-1",
        "lat": 35.67173,
        "lng": 139.753067
    },
    {
        "code": "9147",
        "name": "ＮＩＰＰＯＮ　ＥＸＰＲＥＳＳ　ＨＬＤＧＳ",
        "address": "東京都千代田区神田和泉町2",
        "lat": 35.69949,
        "lng": 139.77948
    },
    {
        "code": "9201",
        "name": "日本航空",
        "address": "東京都品川区東品川2-4-11",
        "lat": 35.620216,
        "lng": 139.750916
    },
    {
        "code": "9202",
        "name": "ＡＮＡホールディングス",
        "address": "東京都港区東新橋1-5-2",
        "lat": 35.665634,
        "lng": 139.761398
    },
    {
        "code": "9301",
        "name": "三菱倉庫",
        "address": "東京都中央区日本橋1-19-1",
        "lat": 35.68364,
        "lng": 139.778046
    },
    {
        "code": "9432",
        "name": "日本電信電話",
        "address": "東京都千代田区大手町1-5-1",
        "lat": 35.685574,
        "lng": 139.764664
    },
    {
        "code": "9433",
        "name": "ＫＤＤＩ",
        "address": "東京都千代田区飯田橋3-10-10",
        "lat": 35.700706,
        "lng": 139.74884
    },
    {
        "code": "9434",
        "name": "ソフトバンク",
        "address": "東京都港区海岸1-7-1",
        "lat": 35.655045,
        "lng": 139.760864
    },
    {
        "code": "9501",
        "name": "東京電力ホールディングス",
        "address": "東京都千代田区内幸町1-1-3",
        "lat": 35.671375,
        "lng": 139.758057
    },
    {
        "code": "9502",
        "name": "中部電力",
        "address": "愛知県名古屋市東区東新町1",
        "lat": 35.170006,
        "lng": 136.913803
    },
    {
        "code": "9503",
        "name": "関西電力",
        "address": "大阪府大阪市北区中之島3-6-16",
        "lat": 34.692535,
        "lng": 135.491989
    },
    {
        "code": "9504",
        "name": "中国電力",
        "address": "広島県広島市中区小町4-33",
        "lat": 34.388653,
        "lng": 132.455582
    },
    {
        "code": "9505",
        "name": "北陸電力",
        "address": "富山県富山市牛島町15-1",
        "lat": 36.702999,
        "lng": 137.215469
    },
    {
        "code": "9506",
        "name": "東北電力",
        "address": "宮城県仙台市青葉区本町1-7-1",
        "lat": 38.265347,
        "lng": 140.878555
    },
    {
        "code": "9531",
        "name": "東京瓦斯",
        "address": "東京都港区海岸1-5-20",
        "lat": 35.6534,
        "lng": 139.758667
    },
    {
        "code": "9532",
        "name": "大阪瓦斯",
        "address": "大阪府大阪市中央区平野町4-1-2",
        "lat": 34.687954,
        "lng": 135.50061
    },
    {
        "code": "9602",
        "name": "東宝",
        "address": "東京都千代田区有楽町1-2-2",
        "lat": 35.672913,
        "lng": 139.759964
    },
    {
        "code": "9613",
        "name": "ＮＴＴデータグループ",
        "address": "東京都江東区豊洲3-3-3",
        "lat": 35.656506,
        "lng": 139.796036
    },
    {
        "code": "9735",
        "name": "セコム",
        "address": "東京都渋谷区神宮前1-5-1",
        "lat": 35.671379,
        "lng": 139.707458
    },
    {
        "code": "9766",
        "name": "コナミグループ",
        "address": "東京都中央区銀座1-11-1",
        "lat": 35.675091,
        "lng": 139.769424
    },
    {
        "code": "9843",
        "name": "ニトリホールディングス",
        "address": "北海道札幌市北区新琴似七条1-2-39",
        "lat": 43.110615,
        "lng": 141.335449
    },
    {
        "code": "9983",
        "name": "ファーストリテイリング",
        "address": "山口県山口市佐山717-1",
        "lat": 34.042114,
        "lng": 131.346695
    },
    {
        "code": "9984",
        "name": "ソフトバンクグループ",
        "address": "東京都港区海岸1-7-1",
        "lat": 35.655045,
        "lng": 139.760864
    }
]